Country,ISO 3166-1 alpha-3,UN M49,Year,Total,Coal,Oil,Gas,Cement,Flaring,Other,Per Capita,Population,GDP(usd/one trillion),,
Brazil,BRA,76,2023,486.470101,54.848321,326.43216,56.329263,24.963357,17.505,6.392,2.24778,216422446,0.040981747,,
Brazil,BRA,76,2022,483.840575,56.078412,319.934696,60.085369,23.845098,17.505,6.392,2.247145,215313498,0.040970169,,
Brazil,BRA,76,2021,498.016869,68.229887,305.427981,75.974387,24.487614,17.505,6.392,2.323639,214326223,0.042364816,,
Brazil,BRA,76,2020,445.208091,56.240806,282.678205,59.026099,23.365981,17.505,6.392,2.088254,213196304,0.038073253,,
Brazil,BRA,76,2019,473.389806,61.887746,299.435798,67.121324,21.047938,17.505,6.392,2.23526,211782878,0.040753481,,
Brazil,BRA,76,2018,478.379119,65.840737,300.730263,67.417075,20.494045,17.505,6.392,2.27619,210166592,0.041499721,,
Brazil,BRA,76,2017,498.266425,67.321879,316.142655,70.687793,20.217098,17.505,6.392,2.38971,208504960,0.043569428,,
Brazil,BRA,76,2016,492.748,63.831218,312.939113,69.665669,22.415,17.505,6.392,2.382041,206859578,0.043429607,,
Brazil,BRA,76,2015,529.353,69.451663,330.358576,80.464761,25.082,17.604,6.392,2.579841,205188205,0.047035916,,
Brazil,BRA,76,2014,557.901,69.033897,356.753378,81.285725,26.908,17.642,6.278,2.742072,203459650,0.049993727,,
Brazil,BRA,76,2013,532.418,65.604089,342.338124,74.703787,26.652,16.634,6.486,2.639368,201721767,0.048121218,,
Brazil,BRA,76,2012,498.309,61.016471,327.733969,63.39656,24.998,14.761,6.403,2.491823,199977707,0.045431163,,
Brazil,BRA,76,2011,462.58,62.292401,303.885017,53.100582,22.845,14.12,6.337,2.334078,198185302,0.04255514,,
Brazil,BRA,76,2010,440.269,56.688185,286.079991,55.048824,21.288,15.214,5.95,2.242226,196353492,0.040880486,,
Brazil,BRA,76,2009,389.775,43.586053,262.705409,40.958538,19.031,18.434,5.06,2.003804,194517549,0.036533552,,
Brazil,BRA,76,2008,412.638,55.315497,267.238809,51.302693,18.884,14.207,5.69,2.141657,192672317,0.039046902,,
Brazil,BRA,76,2007,390.573,54.989055,256.003342,43.245603,17.2,13.469,5.666,2.047249,190779453,0.037325646,,
Brazil,BRA,76,2006,368.871,50.837875,242.248571,42.052554,15.44,12.882,5.41,1.953552,188820682,0.035617353,,
Brazil,BRA,76,2005,364.371,50.948421,240.221198,39.619381,14.349,13.877,5.356,1.950622,186797334,0.035563933,,
Brazil,BRA,76,2004,361.434,53.832656,239.768252,38.215091,13.273,10.84,5.505,1.956637,184722043,0.035673599,,
Brazil,BRA,76,2003,344.645,51.933112,232.433668,30.91922,13.096,11.199,5.064,1.887129,182629278,0.034406322,,
Canada,CAN,124,2023,549.299001,36.769327,248.852887,237.269158,6.751512,17.49476,2.161357,14.16402,40097761,0.25823981,,
Canada,CAN,124,2022,550.611613,38.198412,246.264608,239.740964,6.751512,17.49476,2.161357,14.318587,38939056,0.261057891,,
Canada,CAN,124,2021,540.311631,45.794538,237.08289,230.941671,7.378741,16.971154,2.142637,14.160961,38239864,0.258184038,,
Canada,CAN,124,2020,526.58163,48.575084,228.175492,224.904674,6.712529,16.157941,2.05591,13.898116,38028638,0.253391822,,
Canada,CAN,124,2019,582.024977,58.777117,263.306133,234.935404,7.195056,15.656901,2.154366,15.511325,37618495,0.282804008,,
Canada,CAN,124,2018,579.078844,61.320373,261.649183,231.730807,6.989642,15.213126,2.175713,15.635882,37072620,0.285074943,,
Canada,CAN,124,2017,569.602989,73.401467,255.802509,216.78143,6.863102,14.540332,2.214148,15.582359,36545075,0.284099107,,
Canada,CAN,124,2016,558.871646,74.001443,252.213989,210.439149,6.114245,13.819613,2.283208,15.475408,36110803,0.282149166,,
Canada,CAN,124,2015,565.644081,73.719399,254.033544,213.612439,6.184772,15.765916,2.32801,15.830127,35704498,0.288616437,,
Canada,CAN,124,2014,566.468858,76.96184,253.107341,211.464899,5.911522,16.510662,2.512593,15.999862,35434066,0.291711063,,
Canada,CAN,124,2013,568.853799,79.249372,260.548973,204.249754,5.973037,16.364697,2.467967,16.223443,35080992,0.295787413,,
Canada,CAN,124,2012,564.221191,81.543756,260.896588,197.21342,6.532305,15.489684,2.545438,16.263783,34713395,0.296522896,,
Canada,CAN,124,2011,563.320374,86.834816,259.433042,193.975936,6.020141,14.619051,2.437389,16.412075,34339221,0.299226571,,
Canada,CAN,124,2010,554.734259,95.843839,257.904535,178.268475,6.005436,14.450592,2.261381,16.33329,34005902,0.297790155,,
Canada,CAN,124,2009,542.810705,93.362393,253.422977,174.223181,5.364043,14.170311,2.2678,16.158006,33630069,0.29459436,,
Canada,CAN,124,2008,575.769904,112.679885,257.097454,181.200056,6.988372,15.094333,2.709802,17.332787,33247298,0.316013083,,
Canada,CAN,124,2007,591.888685,118.820929,265.861017,180.770409,7.73102,15.844965,2.860345,18.011089,32888886,0.328379952,,
Canada,CAN,124,2006,568.173233,114.029846,259.202327,168.452315,7.728498,15.798562,2.961685,17.465128,32571193,0.318425937,,
Canada,CAN,124,2005,572.85482,116.624194,260.960505,169.200361,7.613986,15.450888,3.004886,17.781733,32242732,0.32419831,,
Canada,CAN,124,2004,579.1628,115.514195,266.975256,170.26246,7.519955,15.790152,3.100781,18.148935,31938807,0.330893174,,
Canada,CAN,124,2003,580.792399,123.101501,257.945509,174.245254,7.248136,15.299588,2.952412,18.368201,31642461,0.334890853,,
China,CHN,156,2023,11902.50316,8550.843681,1642.826795,814.782937,718.017031,4.493834,171.538883,8.348701,1410710000,0.15221434,,
China,CHN,156,2022,11350.53767,8168.899261,1489.342065,760.058737,756.020364,4.678356,171.538883,7.960333,1412175000,0.145133577,,
China,CHN,156,2021,11447.91286,8141.342048,1521.1096,765.332656,843.777256,4.81242,171.538883,8.028589,1412360000,0.146378027,,
China,CHN,156,2020,10905.69296,7679.483856,1523.05152,676.473328,849.9757,5.169677,171.538883,7.653495,1411100000,0.139539276,,
China,CHN,156,2019,10713.98482,7523.023728,1559.72816,630.17136,819.965475,3.83925,177.256846,7.535168,1407745000,0.137381926,,
China,CHN,156,2018,10332.99239,7316.3668,1500.473952,575.368912,765.835485,3.408357,171.538883,7.291804,1402760000,0.13294489,,
China,CHN,156,2017,10006.34297,7163.255568,1430.586816,486.35936,753.438754,2.969262,169.733211,7.095308,1396215000,0.129362356,,
China,CHN,156,2016,9762.713692,7071.35512,1357.838096,421.7264,740.776162,3.090373,167.927541,6.963967,1387790000,0.126967733,,
China,CHN,156,2015,9863.456796,7266.920203,1328.805062,380.052208,718.559014,3.901279,165.21903,7.077095,1379860000,0.129030294,,
China,CHN,156,2014,9990.257301,7424.993408,1255.605168,370.221552,770.283647,3.930359,165.223167,7.212194,1371860000,0.131493433,,
China,CHN,156,2013,9956.32887,7493.407616,1234.62144,320.127344,748.323128,3.632474,156.216868,7.235177,1363240000,0.131912461,,
China,CHN,156,2012,9779.292069,7464.744144,1176.71192,277.599296,714.781655,3.732554,141.7225,7.156134,1354190000,0.130471341,,
China,CHN,156,2011,9532.33211,7309.709312,1123.85872,245.989968,708.56429,3.85332,140.3565,7.024069,1345035000,0.128063519,,
China,CHN,156,2010,8620.575738,6568.74307,1092.57135,199.585321,639.591911,3.974086,116.11,6.394178,1337705000,0.116579284,,
China,CHN,156,2009,7891.078305,6028.48912,982.347712,164.40368,583.560264,4.556529,127.721,5.89271,1331260000,0.10743647,,
China,CHN,156,2008,7501.497554,5729.472936,970.117764,149.674475,525.924483,4.665596,121.6423,5.639515,1324655000,0.102820194,,
China,CHN,156,2007,6983.547409,5289.874352,927.351072,129.515072,514.980844,4.964769,116.8613,5.284508,1317885000,0.096347671,,
China,CHN,156,2006,6494.330723,4905.366864,898.533712,103.753488,470.086624,5.534235,111.0558,4.945851,1311020000,0.090173243,,
China,CHN,156,2005,5882.106219,4424.35328,850.172576,84.957168,411.648776,5.587519,105.3869,4.507749,1303720000,0.082185725,,
China,CHN,156,2004,5217.350873,3835.288336,839.09264,71.52128,368.396371,5.192006,97.86024,4.023198,1296075000,0.073351343,,
China,CHN,156,2003,4841.11869,3601.712,727.098816,60.745456,353.679249,5.179579,92.70359,3.756086,1288400000,0.068481331,,
Germany,DEU,276,2023,596.151376,188.477456,231.621804,155.461208,10.604401,1.818516,8.167992,7.15714,84482267,0.130489683,,
Germany,DEU,276,2022,671.471528,240.640273,247.440218,160.775692,12.537957,1.835065,8.242323,8.05413,83797985,0.146843693,,
Germany,DEU,276,2021,678.777268,232.149187,241.585235,181.115767,13.640217,1.87165,8.415212,8.137981,83196078,0.148372473,,
Germany,DEU,276,2020,648.356851,198.530195,255.644835,170.963403,13.357491,1.821487,8.039441,7.780688,83160871,0.141858271,,
Germany,DEU,276,2019,709.826685,240.113962,273.110944,172.762184,13.28664,2.037297,8.515658,8.536892,83092962,0.155645457,,
Germany,DEU,276,2018,760.04632,296.870635,269.350605,169.760296,13.227901,2.007153,8.829729,9.168596,82905782,0.167162747,,
Germany,DEU,276,2017,784.593901,312.692317,275.505194,172.04549,13.408148,2.266679,8.676072,9.495913,82657002,0.173130423,,
Germany,DEU,276,2016,798.013581,329.435624,275.703169,169.169455,12.662714,2.343646,8.698973,9.692698,82348669,0.176718226,,
Germany,DEU,276,2015,800.844494,341.117452,278.861363,157.109719,12.625554,2.373663,8.756742,9.757683,81686611,0.177903039,,
Germany,DEU,276,2014,792.578747,344.722478,271.602422,151.986004,12.904592,2.478309,8.88494,9.682264,80982500,0.176527993,,
Germany,DEU,276,2013,831.742833,357.253842,280.395512,170.266744,12.502979,2.688948,8.634807,10.18287,80645605,0.185655091,,
Germany,DEU,276,2012,814.090235,350.039297,271.945092,167.836838,13.288641,2.657292,8.323075,9.983256,80425823,0.182015708,,
Germany,DEU,276,2011,804.513784,339.624479,270.808995,169.398842,13.393265,2.672946,8.615257,9.880624,80274983,0.180144512,,
Germany,DEU,276,2010,826.679915,341.311217,277.153511,184.874774,12.431492,2.581764,8.327157,10.165128,81776930,0.185331617,,
Germany,DEU,276,2009,789.950748,316.279907,282.438301,168.399476,12.559007,2.575372,7.698685,9.721201,81902307,0.177237896,,
Germany,DEU,276,2008,856.60745,353.581363,296.430462,180.994953,13.578516,2.94481,9.077347,10.547082,82110097,0.19229544,,
Germany,DEU,276,2007,846.116178,376.715164,268.923902,173.851474,14.449074,2.98877,9.187795,10.422225,82266372,0.190019034,,
Germany,DEU,276,2006,886.434344,367.652956,313.190991,180.197195,13.340261,3.069155,8.983787,10.919662,82376451,0.199088355,,
Germany,DEU,276,2005,867.88056,361.974655,305.187515,175.90392,13.049804,2.953896,8.81077,10.686583,82469422,0.194838836,,
Germany,DEU,276,2004,876.569891,374.907846,301.208202,174.326962,14.068338,2.928276,9.130268,10.786339,82516260,0.196657597,,
Germany,DEU,276,2003,894.501064,378.305278,313.846582,176.586991,13.507148,3.003048,9.252018,10.996142,82534176,0.200482746,,
India,IND,356,2023,3062.32449,2032.011849,717.799099,132.419593,177.226423,2.867526,,2.143543,1428627663,0.039081287,,
India,IND,356,2022,2831.166261,1855.854161,684.056824,124.008707,164.322963,2.923606,,1.997756,1417173173,0.036423284,,
India,IND,356,2021,2674.221911,1767.296547,621.928493,133.191863,149.033459,2.77155,,1.899894,1407563842,0.034639055,,
India,IND,356,2020,2421.552261,1561.798895,606.045141,127.994032,122.908202,2.805992,,1.734155,1396387127,0.031617285,,
India,IND,356,2019,2612.888038,1661.940065,676.153668,128.675994,143.664137,2.454173,,1.889137,1383112050,0.034442932,,
India,IND,356,2018,2593.057867,1668.317927,657.084132,126.201229,138.964893,2.489685,,1.894121,1369003306,0.034533801,,
India,IND,356,2017,2426.606902,1551.256089,632.55848,118.922003,121.047241,2.82309,,1.791917,1354195680,0.032670408,,
India,IND,356,2016,2354.657978,1499.401065,614.596905,113.622467,123.281311,3.75623,,1.758998,1338636340,0.032070225,,
India,IND,356,2015,2234.219517,1449.586558,556.116946,106.870633,117.507915,4.137466,,1.688923,1322866505,0.030792611,,
India,IND,356,2014,2148.343714,1407.057023,512.464807,109.4675,115.824896,3.529487,,1.643411,1307246509,0.029962831,,
India,IND,356,2013,1995.098111,1276.383262,496.940142,110.689227,107.819842,3.265639,,1.545232,1291132063,0.028172822,,
India,IND,356,2012,1925.699719,1206.451742,489.813787,125.604798,100.237156,3.592236,,1.51096,1274487215,0.027547972,,
India,IND,356,2011,1764.712419,1074.385011,460.104497,136.260235,91.314496,2.648179,,1.403215,1257621191,0.025583554,,
India,IND,356,2010,1677.337196,1015.983053,439.499631,134.121149,86.02924,1.704123,,1.352022,1240613620,0.024650198,,
India,IND,356,2009,1612.216339,983.946901,432.659576,112.463106,81.267957,1.878801,,1.317558,1223640160,0.024021847,,
India,IND,356,2008,1489.437503,910.795285,413.233267,90.276573,73.244725,1.887652,,1.234271,1206734806,0.022503351,,
India,IND,356,2007,1392.506008,842.477053,391.897212,87.956133,68.333266,1.842345,,1.170476,1189691809,0.021340234,,
India,IND,356,2006,1292.484616,773.56432,369.693913,82.57963,64.905401,1.741354,,1.102451,1172373788,0.020099995,,
India,IND,356,2005,1194.592413,721.468707,352.376464,59.3568,59.686569,1.703873,,1.034603,1154638713,0.018862984,,
India,IND,356,2004,1133.827603,669.967666,348.234225,58.316038,55.544666,1.765007,,0.997855,1136264583,0.018192991,,
India,IND,356,2003,1067.736974,625.889916,330.614767,58.565376,50.880079,1.786836,,0.955542,1117415123,0.017421536,,
Indonesia,IDN,360,2023,733.223934,399.050606,215.932244,88.656861,26.003783,3.58044,,2.641924,277534122,0.048167819,,
Indonesia,IDN,360,2022,737.072602,404.572727,216.562883,85.931474,26.842615,3.162903,,2.675387,275501339,0.04877792,,
Indonesia,IDN,360,2021,619.622353,303.153575,202.297896,83.759507,27.262031,3.149344,,2.263434,273753191,0.041267152,,
Indonesia,IDN,360,2020,608.22318,300.517866,196.6663,81.216678,26.297374,3.524962,,2.237283,271857970,0.040790364,,
Indonesia,IDN,360,2019,653.791598,315.400701,216.541275,87.909895,30.156,3.783727,,2.425197,269582878,0.044216431,,
Indonesia,IDN,360,2018,594.101355,262.222125,212.952903,84.147907,30.832,3.94642,,2.224542,267066843,0.040558069,,
Indonesia,IDN,360,2017,556.944243,221.093265,218.159755,84.338544,28.96566,4.38702,,2.105658,264498852,0.038390564,,
Indonesia,IDN,360,2016,540.085658,206.32789,208.773338,91.185364,28.70984,5.089226,,2.062575,261850182,0.037605071,,
Indonesia,IDN,360,2015,539.149234,197.815239,217.062688,94.252736,24.55791,5.460661,,2.080918,259091970,0.037939502,,
Indonesia,IDN,360,2014,487.889952,173.584305,220.592833,62.415688,25.53365,5.763476,,1.904111,256229761,0.03471594,,
Indonesia,IDN,360,2013,489.055127,164.219227,229.408315,64.753293,24.775,5.899292,,1.930918,253275918,0.035204687,,
Indonesia,IDN,360,2012,515.954158,187.171325,218.77744,80.062064,23.294,6.649329,,2.06198,250222695,0.037594223,,
Indonesia,IDN,360,2011,500.724554,181.280983,211.328528,81.553312,21.1,5.461731,,2.026407,247099697,0.036945652,,
Indonesia,IDN,360,2010,445.806092,152.666688,195.674233,73.730036,19.461,4.274134,,1.826953,244016173,0.033309187,,
Indonesia,IDN,360,2009,398.942057,128.274197,181.260245,64.540826,19.43662,5.430169,,1.65549,240981299,0.030183057,,
Indonesia,IDN,360,2008,365.718281,121.844541,158.30312,60.313104,20.541712,4.715804,,1.537041,237936543,0.028023483,,
Indonesia,IDN,360,2007,387.858038,140.06599,166.224688,57.077792,19.566631,4.922938,,1.651456,234858289,0.030109509,,
Indonesia,IDN,360,2006,346.633463,111.640521,152.499344,57.425872,19.046587,6.021138,,1.495415,231797427,0.027264554,,
Indonesia,IDN,360,2005,347.617048,94.222089,174.75448,54.450704,18.526544,5.663231,,1.519271,228805144,0.027699499,,
Indonesia,IDN,360,2004,343.021521,82.216103,173.895339,61.885636,19.046587,5.977856,,1.518207,225938595,0.0276801,,
Indonesia,IDN,360,2003,339.357485,89.489682,162.447104,62.661728,17.811484,6.947486,,1.521236,223080121,0.027735325,,
Iran,IRN,364,2023,817.879906,5.443789,225.849925,509.266874,38.927588,38.39173,,9.171857,89172767,0.167222202,,
Iran,IRN,364,2022,800.74661,5.347533,231.812956,496.507476,34.703587,32.375058,,9.042817,88550570,0.164869532,,
Iran,IRN,364,2021,779.755609,5.180919,228.619959,476.039985,37.418714,32.496033,,8.868576,87923432,0.161692753,,
Iran,IRN,364,2020,756.606369,5.576608,221.96512,465.331664,38.807839,24.925138,,8.667713,87290193,0.158030599,,
Iran,IRN,364,2019,735.347398,4.847472,239.91872,429.314544,35.303221,25.963442,,8.494821,86564202,0.154878415,,
Iran,IRN,364,2018,689.782865,4.459088,231.769984,390.842544,30.272338,32.438911,,8.056558,85617562,0.14688796,,
Iran,IRN,364,2017,696.399856,4.70824,229.058624,399.50424,29.908465,33.220287,,8.240923,84505076,0.150249321,,
Iran,IRN,364,2016,644.683594,3.451488,200.124016,380.704256,30.618067,29.785767,,7.73872,83306231,0.141093107,,
Iran,IRN,364,2015,641.911096,4.301511,227.053111,356.768957,31.230335,22.557183,,7.848203,81790841,0.143089211,,
Iran,IRN,364,2014,644.150671,3.59072,247.799984,335.006848,34.968119,22.785,,8.055743,79961672,0.146873101,,
Iran,IRN,364,2013,609.838964,4.118336,253.32896,294.93368,36.717703,20.740286,,7.772716,78458928,0.141712925,,
Iran,IRN,364,2012,599.120778,4.129328,247.162448,292.273616,34.824161,20.731225,,7.748141,77324451,0.141264871,,
Iran,IRN,364,2011,576.146213,5.3128,223.694528,293.262896,32.914782,20.961208,,7.546814,76342971,0.137594257,,
Iran,IRN,364,2010,561.496171,5.448333,227.532939,277.220124,30.103585,21.19119,,7.449482,75373855,0.135819691,,
Iran,IRN,364,2009,543.41286,4.393165,232.91834,261.065372,24.560908,20.475075,,7.311534,74322685,0.133304609,,
Iran,IRN,364,2008,528.535501,5.858696,233.944801,246.874968,21.605746,20.25129,,7.208771,73318394,0.131431024,,
Iran,IRN,364,2007,507.774758,6.576927,225.180052,236.520213,19.400127,20.09744,,7.021278,72319418,0.128012633,,
Iran,IRN,364,2006,501.018326,5.983312,233.363824,221.540096,17.252584,22.87851,,7.029295,71275760,0.1281588,,
Iran,IRN,364,2005,466.784325,6.085904,222.489072,200.160656,16.125136,21.923557,,6.650998,70182594,0.121261652,,
Iran,IRN,364,2004,442.119383,4.994073,221.76543,178.89994,15.760903,20.699036,,6.401805,69061674,0.11671834,,
Iran,IRN,364,2003,410.966721,5.188224,210.78992,158.468,14.639176,21.8814,,6.047657,67954699,0.110261479,,
Japan,JPN,392,2023,988.784724,393.89766,377.727431,188.445121,20.709954,0.358857,7.645702,8.019698,124516650,0.146215925,,
Japan,JPN,392,2022,1032.686779,417.19287,384.784426,199.7295,23.156504,0.350738,7.47274,8.331365,125124989,0.151898269,,
Japan,JPN,392,2021,1061.905265,427.989119,390.515266,211.002445,24.395606,0.358779,7.644052,8.521657,125681593,0.155367691,,
Japan,JPN,392,2020,1040.483416,399.496647,387.123562,221.932303,24.490267,0.393746,7.046892,8.3076,126261000,0.151464983,,
Japan,JPN,392,2019,1105.477982,432.808577,415.811633,223.405131,25.328006,0.38913,7.735506,8.788165,126633000,0.160226691,,
Japan,JPN,392,2018,1142.480939,442.510983,431.786932,233.268229,26.182944,0.428412,8.303439,9.048934,126811000,0.164981057,,
Japan,JPN,392,2017,1187.484462,459.108017,448.259028,244.803202,26.428778,0.438977,8.44646,9.375188,126972000,0.170929353,,
Japan,JPN,392,2016,1203.183901,457.144922,460.517801,250.763126,25.969471,0.459882,8.3287,9.474347,127076000,0.172737229,,
Japan,JPN,392,2015,1223.199337,466.242874,476.885715,245.234334,25.93614,0.426981,8.473292,9.612498,127141000,0.175256012,,
Japan,JPN,392,2014,1263.805713,473.225046,497.145133,257.328686,26.557375,0.451182,9.09829,9.914011,127276000,0.180753227,,
Japan,JPN,392,2013,1315.297799,481.655192,541.958932,255.327531,26.805206,0.440818,9.11012,10.301605,127445000,0.187819879,,
Japan,JPN,392,2012,1305.997716,450.458208,564.639169,255.914229,25.624795,0.492279,8.869035,10.214783,127629000,0.186236931,,
Japan,JPN,392,2011,1264.796665,430.969782,552.860823,246.731258,24.982896,0.479318,8.772588,9.880664,127833000,0.180145241,,
Japan,JPN,392,2010,1214.798149,446.50672,522.306827,212.061806,24.321271,0.476271,9.125254,9.4828,128070000,0.172891345,,
Japan,JPN,392,2009,1163.39254,411.89986,516.482589,201.069931,25.308482,0.502604,8.129075,9.080701,128047000,0.165560237,,
Japan,JPN,392,2008,1232.195694,426.743191,563.407067,203.313087,28.552561,0.566941,9.612846,9.620694,128063000,0.175405442,,
Japan,JPN,392,2007,1302.996159,445.458646,608.164043,207.774204,30.65835,0.617474,10.323443,10.179146,128001000,0.185587194,,
Japan,JPN,392,2006,1267.295415,427.990462,605.587608,191.339211,31.990874,0.554787,9.832473,9.908319,127854000,0.18064945,,
Japan,JPN,392,2005,1290.296113,430.873925,642.359508,174.702492,32.279646,0.509418,9.571124,10.096342,127773000,0.184077503,,
Japan,JPN,392,2004,1282.894778,420.466827,645.379927,176.079537,31.27619,0.478825,9.213473,10.04842,127761000,0.183203785,,
Japan,JPN,392,2003,1287.494853,412.50362,656.529141,177.167525,31.935273,0.507509,8.851785,10.097813,127718000,0.184104323,,
Mexico,MEX,484,2023,482.62343,38.865253,238.040779,176.578687,18.815774,10.322937,,3.757124,128455567,0.068500255,,
Mexico,MEX,484,2022,465.335664,35.957891,235.344278,164.58806,18.789932,10.655503,,3.649573,127504125,0.066539375,,
Mexico,MEX,484,2021,446.834111,29.220157,219.977403,165.838589,19.560929,12.237033,,3.526567,126705138,0.064296717,,
Mexico,MEX,484,2020,428.940285,33.704844,204.105017,160.950799,19.337553,10.842072,,3.404334,125998302,0.062068153,,
Mexico,MEX,484,2019,468.235663,45.268362,238.026216,157.100087,19.411144,8.429853,,3.743331,125085311,0.06824878,,
Mexico,MEX,484,2018,468.413278,47.313232,228.842448,165.5212,19.375978,7.36042,,3.777104,124013861,0.068864533,,
Mexico,MEX,484,2017,464.406462,48.52968,245.839744,143.251408,19.662371,7.12326,,3.780603,122839258,0.068928327,,
Mexico,MEX,484,2016,478.82774,47.621008,251.592224,151.455104,19.637319,8.522085,,3.940346,121519221,0.071840777,,
Mexico,MEX,484,2015,479.433704,44.114222,258.874271,147.976833,19.073898,9.39448,,3.990296,120149897,0.07275147,,
Mexico,MEX,484,2014,484.044533,48.943712,269.274688,138.502864,18.190161,9.133108,,4.075962,118755887,0.074313341,,
Mexico,MEX,484,2013,495.415111,49.97696,277.69456,142.276784,17.366974,8.099833,,4.223823,117290686,0.077009158,,
Mexico,MEX,484,2012,501.488614,49.222543,290.157986,135.726564,18.331257,8.050264,,4.332294,115755909,0.078986812,,
Mexico,MEX,484,2011,483.301611,56.041308,272.512081,130.70687,17.667595,6.373758,,4.233899,114150481,0.077192864,,
Mexico,MEX,484,2010,456.408968,51.054176,259.678672,124.121664,16.857204,4.697251,,4.0558,112532401,0.073945746,,
Mexico,MEX,484,2009,460.293543,40.813296,272.740832,123.432832,17.738942,5.567641,,4.144943,111049428,0.07557101,,
Mexico,MEX,484,2008,472.981288,40.783984,288.397104,118.56704,18.512234,6.720925,,4.312198,109684489,0.078620419,,
Mexico,MEX,484,2007,473.59526,45.840304,286.649376,117.273648,18.82023,5.011702,,4.372874,108302973,0.07972667,,
Mexico,MEX,484,2006,474.519064,50.2884,284.689136,117.936832,17.592605,4.012092,,4.439455,106886790,0.080940582,,
Mexico,MEX,484,2005,463.431863,46.8076,291.12312,105.515872,16.461657,3.523614,,4.395119,105442402,0.080132243,,
Mexico,MEX,484,2004,438.588437,37.881779,276.73594,105.646892,15.134717,3.18911,,4.219395,103945813,0.076928426,,
Mexico,MEX,484,2003,435.968675,42.458432,273.195168,101.903168,14.438746,3.973161,,4.256287,102429341,0.077601045,,
Russia,RUS,643,2023,1815.924704,427.635864,390.756635,897.260337,23.224155,60.215785,16.831927,12.571794,143826130,0.229210189,,
Russia,RUS,643,2022,1802.189924,428.488263,386.742079,887.43231,22.479559,60.215785,16.831927,12.453518,144236933,0.227053769,,
Russia,RUS,643,2021,1711.993315,382.145683,376.577689,854.063898,22.158332,60.215785,16.831927,11.798489,144746762,0.215111216,,
Russia,RUS,643,2020,1632.929312,367.668733,384.939223,784.290685,20.580721,59.114986,16.334964,11.213839,145245148,0.204451819,,
Russia,RUS,643,2019,1705.030917,395.100666,402.823905,807.387778,20.306193,62.654678,16.757698,11.698945,145453291,0.213296319,,
Russia,RUS,643,2018,1712.494428,401.061756,395.44468,828.858907,20.090711,49.437808,17.600565,11.757415,145398106,0.21436235,,
Russia,RUS,643,2017,1666.121206,389.270024,417.490314,780.66358,20.512221,41.926176,16.25889,11.454742,145293260,0.208843986,,
Russia,RUS,643,2016,1634.884975,405.876563,403.595242,753.00499,20.432102,36.218172,15.757905,11.266587,145015460,0.205413526,,
Russia,RUS,643,2015,1638.675263,417.405213,408.672725,739.506139,23.171307,33.022514,16.897365,11.327114,144640716,0.20651706,,
Russia,RUS,643,2014,1639.959073,397.222049,385.789511,775.338318,26.453326,38.466103,16.689767,11.366104,144237223,0.20722793,,
Russia,RUS,643,2013,1640.437428,408.19426,357.039664,782.849731,27.28146,48.827699,16.244614,11.39534,143805638,0.207760963,,
Russia,RUS,643,2012,1701.268292,445.325535,353.791183,807.071869,26.331668,52.927716,15.820322,11.84485,143378447,0.215956474,,
Russia,RUS,643,2011,1685.909605,430.352018,346.175911,817.719824,25.128527,51.56128,14.972045,11.759599,143018195,0.214402169,,
Russia,RUS,643,2010,1632.783158,419.276503,333.870292,794.593084,22.722614,47.870329,14.450336,11.398726,142849468,0.207822697,,
Russia,RUS,643,2009,1545.034394,419.074771,323.009042,732.687539,19.746372,38.288005,12.228664,10.792086,142785348,0.196762377,,
Russia,RUS,643,2008,1652.064514,451.930201,343.698028,779.724493,23.625365,36.624806,16.461621,11.545911,142742366,0.210506189,,
Russia,RUS,643,2007,1623.781287,423.047331,326.462807,779.353644,27.644836,50.867634,16.405034,11.345776,142805114,0.206857307,,
Russia,RUS,643,2006,1623.001934,437.858531,335.528872,766.954531,24.544564,42.156652,15.958783,11.322848,143049637,0.206439282,,
Russia,RUS,643,2005,1562.576897,417.916057,320.020381,746.183289,22.25603,41.53049,14.67065,10.866317,143518814,0.198115764,,
Russia,RUS,643,2004,1543.957081,416.375955,309.318253,743.404975,20.915348,39.637562,14.304989,10.695658,144067316,0.195004292,,
Russia,RUS,643,2003,1537.018309,425.963408,308.710667,735.37615,18.666297,34.542749,13.759038,10.604022,144648618,0.193333575,,
Saudi Arabia,SAU,682,2023,736.205346,0.519629,459.96543,241.156049,29.886763,4.677474,,19.925971,36947025,0.363292269,,
Saudi Arabia,SAU,682,2022,723.331428,0.519629,442.617424,246.701595,29.996755,3.496024,,19.866929,36408820,0.36221581,,
Saudi Arabia,SAU,682,2021,695.841911,0.531277,420.767865,241.863022,28.688192,3.991556,,19.355612,35950396,0.352893428,,
Saudi Arabia,SAU,682,2020,616.085773,0.432352,350.849984,234.954,25.592905,4.256532,,17.114869,35997107,0.31203998,,
Saudi Arabia,SAU,682,2019,657.587831,0.512963,395.296525,233.225903,24.603584,3.948856,,18.354347,35827362,0.334638265,,
Saudi Arabia,SAU,682,2018,637.487125,0.479987,376.48918,231.045855,25.134882,4.337221,,18.204486,35018133,0.331905985,,
Saudi Arabia,SAU,682,2017,613.685469,0.5496,361.926256,222.859136,23.998174,4.352303,,17.947629,34193122,0.327222943,,
Saudi Arabia,SAU,682,2016,641.66156,0.370064,395.726656,212.801456,28.879455,3.883928,,19.20207,33416270,0.350094035,,
Saudi Arabia,SAU,682,2015,624.999255,0.259883,390.523776,200.497744,29.669752,4.0481,,19.084035,32749848,0.347942009,,
Saudi Arabia,SAU,682,2014,585.567687,0.256942,355.27976,196.522304,29.854065,3.654616,,18.227468,32125564,0.332324995,,
Saudi Arabia,SAU,682,2013,583.61143,0.238623,359.381153,192.010698,28.222624,3.758332,,18.537647,31482498,0.337980209,,
Saudi Arabia,SAU,682,2012,606.102038,0.192637,386.218576,190.670896,25.373909,3.646019,,19.664883,30821543,0.358532087,,
Saudi Arabia,SAU,682,2011,540.578832,0.170004,335.710336,177.09944,22.331954,5.267098,,17.929084,30150945,0.326884828,,
Saudi Arabia,SAU,682,2010,555.962164,0.169966,359.644824,168.268066,20.991131,6.888177,,18.902608,29411929,0.344634214,,
Saudi Arabia,SAU,682,2009,504.279697,0.06737,326.066688,150.5904,20.184661,7.370579,,17.70409,28483797,0.322782716,,
Saudi Arabia,SAU,682,2008,469.712546,0.108299,288.817124,154.40953,18.370362,8.007231,,17.119456,27437353,0.312123611,,
Saudi Arabia,SAU,682,2007,423.531882,0.05479,258.465888,142.852032,14.178795,7.980377,,16.042833,26400068,0.292494514,,
Saudi Arabia,SAU,682,2006,445.167595,0.038036,283.765808,141.012704,12.390512,7.960536,,17.538111,25382870,0.31975657,,
Saudi Arabia,SAU,682,2005,412.411491,0.070347,256.688848,136.747808,11.526808,7.37768,,16.903742,24397644,0.308190692,,
Saudi Arabia,SAU,682,2004,407.882371,0.035932,263.196112,126.074576,11.722442,6.853309,,17.238005,23661808,0.314285008,,
Saudi Arabia,SAU,682,2003,351.405036,0.028666,216.839184,115.28776,11.545018,7.704408,,15.178928,23150847,0.276743713,,
South Africa,ZAF,710,2023,401.893083,329.772941,57.360719,9.43298,5.282258,0.044185,,6.652263,60414495,0.377781601,,
South Africa,ZAF,710,2022,405.31174,335.073529,56.433763,8.484427,5.282258,0.037764,,6.767164,59893885,0.40527085,,
South Africa,ZAF,710,2021,425.917889,355.642496,56.557504,8.383232,5.282258,0.052399,,7.17127,59392255,0.420117812,,
South Africa,ZAF,710,2020,434.06652,373.889216,45.407952,9.643648,5.070967,0.054737,,7.381842,58801927,0.338291396,,
South Africa,ZAF,710,2019,464.113888,394.345328,55.168848,9.10504,5.452967,0.041705,,7.989971,58087055,0.389330032,,
South Africa,ZAF,710,2018,434.58129,355.11488,64.823488,9.119696,5.466088,0.057138,,7.579073,57339635,0.405260724,,
South Africa,ZAF,710,2017,439.995643,369.921104,57.224352,7.338992,5.481458,0.029737,,7.768119,56641209,0.381448815,,
South Africa,ZAF,710,2016,457.090068,384.492832,59.049024,7.815312,5.69139,0.04151,,8.101234,56422274,0.32358551,,
South Africa,ZAF,710,2015,446.349283,377.0256,53.893776,9.96608,5.419228,0.044599,,7.988139,55876504,0.34670979,,
South Africa,ZAF,710,2014,471.964918,399.203792,58.755904,9.042752,4.91052,0.051951,,8.623585,54729551,0.38119887,,
South Africa,ZAF,710,2013,458.646544,392.663552,51.655072,9.383504,4.893275,0.051141,,8.51338,53873616,0.400886014,,
South Africa,ZAF,710,2012,458.965222,392.821104,52.182688,9.255264,4.632736,0.073431,,8.636089,53145033,0.434400545,,
South Africa,ZAF,710,2011,465.907824,389.670064,62.665392,8.800928,4.638359,0.133081,,8.884025,52443325,0.458199495,,
South Africa,ZAF,710,2010,462.999672,394.436928,54.458032,8.86688,5.045101,0.192731,,8.94082,51784921,0.417363823,,
South Africa,ZAF,710,2009,474.523208,390.674,71.070608,7.038544,5.570679,0.169377,,9.273324,51170779,0.329754061,,
South Africa,ZAF,710,2008,494.698143,418.299993,62.764785,8.119484,5.342753,0.171127,,9.783253,50565812,0.316131259,,
South Africa,ZAF,710,2007,465.044619,392.172001,59.331619,7.892318,5.49083,0.15785,,9.301619,49996094,0.333077117,,
South Africa,ZAF,710,2006,446.770029,382.016498,53.079933,6.126158,5.332632,0.214809,,9.027161,49491756,0.303858675,,
South Africa,ZAF,710,2005,416.201202,376.717824,27.831744,6.313072,5.067968,0.270593,,8.490931,49017147,0.288867217,,
South Africa,ZAF,710,2004,449.306966,384.086128,54.238192,6.364368,4.335458,0.28282,,9.253363,48556071,0.255806909,,
South Africa,ZAF,710,2003,404.409657,357.444766,39.743769,2.469558,4.458418,0.293147,,8.406978,48104048,0.197018965,,
South Korea,KOR,410,2023,577.416597,251.869862,170.389143,122.050539,22.918451,0.006083,10.18252,11.15047,51712619,0.203296469,,
South Korea,KOR,410,2022,602.092409,268.099113,173.66395,126.731783,23.408959,0.006083,10.18252,11.619859,51672569,0.211854416,,
South Korea,KOR,410,2021,616.074988,283.908353,171.484229,126.789734,23.704068,0.006083,10.18252,11.886424,51769539,0.216714455,,
South Korea,KOR,410,2020,597.634251,282.883413,165.067876,116.63454,22.865592,0.00031,10.18252,11.527396,51836239,0.210168621,,
South Korea,KOR,410,2019,646.102263,321.60607,175.797343,113.58643,24.9299,0,10.18252,12.472095,51764822,0.227392467,,
South Korea,KOR,410,2018,670.168699,340.3476,177.632938,117.17267,24.70206,0,10.31343,12.968438,51585058,0.236441841,,
South Korea,KOR,410,2017,654.537269,337.668762,179.413376,100.860571,26.35058,0,10.24398,12.70659,51361911,0.231667803,,
South Korea,KOR,410,2016,637.914084,320.697359,184.034149,96.655486,26.67176,0,9.85533,12.432553,51217803,0.226671533,,
South Korea,KOR,410,2015,634.177278,335.411292,170.593973,92.588923,25.77871,0,9.80438,12.436214,51014947,0.226738281,,
South Korea,KOR,410,2014,629.366484,331.303871,161.53353,101.445313,25.41199,0,9.67178,12.448395,50746659,0.226960366,,
South Korea,KOR,410,2013,634.580703,320.643622,168.582207,111.530864,25.05014,0,8.77387,12.666729,50428893,0.230941053,,
South Korea,KOR,410,2012,627.943034,316.989866,170.817246,106.566313,24.8486,0,8.72101,12.651422,50199853,0.230661974,,
South Korea,KOR,410,2011,623.442837,320.169094,171.468675,98.512948,24.7206,0,8.57152,12.679365,49936638,0.231171434,,
South Korea,KOR,410,2010,594.33911,295.050323,176.156433,91.541235,24.29735,0,7.29377,12.175826,49554112,0.221990861,,
South Korea,KOR,410,2009,537.819831,262.394545,172.708274,72.171182,24.55339,0,5.99244,11.06898,49307835,0.201810735,,
South Korea,KOR,410,2008,532.650764,253.041243,171.08832,75.92433,26.07981,0,6.51706,11.005493,49054708,0.200653234,,
South Korea,KOR,410,2007,521.708715,228.427157,187.258138,73.37012,26.27512,0,6.37818,10.819208,48683638,0.197256868,,
South Korea,KOR,410,2006,503.478183,216.428256,190.054239,67.995038,23.13968,0,5.86097,10.478356,48438292,0.19104242,,
South Korea,KOR,410,2005,498.688299,209.293477,195.069382,65.26958,23.32588,0,5.72998,10.413296,48184561,0.18985624,,
South Korea,KOR,410,2004,491.389426,203.137986,196.255763,60.234056,26.12359,0,5.63803,10.295776,48082519,0.187713604,,
South Korea,KOR,410,2003,485.212785,195.319077,205.372465,51.400623,27.9204,0,5.20022,10.206467,47892330,0.186085313,,
Turkiye,TUR,792,2023,432.077319,157.877936,131.863576,97.466346,38.27024,0.209817,6.389404,5.034916,85326000,0.091797085,,
Turkiye,TUR,792,2022,437.305314,168.425015,125.124912,98.902703,38.253463,0.209817,6.389404,5.124197,84979913,0.093424865,,
Turkiye,TUR,792,2021,452.70279,166.226358,119.998118,115.652301,44.226793,0.209817,6.389404,5.340025,84147318,0.097359863,,
Turkiye,TUR,792,2020,412.926872,159.295584,114.068514,92.28989,40.812754,0.195236,6.264895,4.907883,83384680,0.089481007,,
Turkiye,TUR,792,2019,402.692254,165.994084,114.353998,83.613834,32.348743,0.182841,6.198753,4.82372,82579440,0.087946539,,
Turkiye,TUR,792,2018,422.05862,163.562891,116.358133,95.750879,39.413498,0.174472,6.798746,5.096754,81407204,0.092924522,,
Turkiye,TUR,792,2017,430.900877,158.615273,120.765446,104.889667,39.468752,0.157038,7.004701,5.249139,80312698,0.09570282,,
Turkiye,TUR,792,2016,405.95021,152.272193,117.84743,91.851895,37.527871,0.157941,6.292881,5.010531,79277962,0.091352496,,
Turkiye,TUR,792,2015,384.92966,139.390286,108.642691,96.437587,34.440797,0.154593,5.863706,4.832996,78218479,0.08811566,,
Turkiye,TUR,792,2014,364.028278,130.463645,98.997707,93.536739,34.498393,0.145487,6.386307,4.660333,77181884,0.084967651,,
Turkiye,TUR,792,2013,347.331771,125.597747,94.356791,86.692258,33.913065,0.145537,6.626374,4.535772,76147624,0.082696643,,
Turkiye,TUR,792,2012,356.107201,141.82731,89.7275,87.093543,31.371621,0.143695,5.943533,4.730597,75175827,0.086248711,,
Turkiye,TUR,792,2011,342.057326,135.424786,84.197192,86.04764,31.454101,0.150521,4.783085,4.611562,74223629,0.084078453,,
Turkiye,TUR,792,2010,316.193043,129.772463,80.522863,71.654614,29.977052,0.156157,4.109894,4.319852,73142150,0.078759968,,
Turkiye,TUR,792,2009,316.412299,130.449191,83.740047,71.360086,27.039663,0.138216,3.685096,4.380886,72039206,0.079872746,,
Turkiye,TUR,792,2008,310.622132,122.958163,86.880178,71.54828,24.849844,0.134862,4.250805,4.355286,71051678,0.079406004,,
Turkiye,TUR,792,2007,313.693363,126.159041,87.865782,72.005242,22.779557,0.1329,4.750842,4.451517,70158112,0.081160497,,
Turkiye,TUR,792,2006,282.368323,111.676139,83.084477,62.166116,20.840535,0.135104,4.465953,4.056938,69601333,0.073966494,,
Turkiye,TUR,792,2005,264.870636,102.177556,84.446305,54.858681,19.117008,0.141602,4.129484,3.855203,68704715,0.070288441,,
Turkiye,TUR,792,2004,244.768581,93.453297,85.842936,44.367638,17.207184,0.140202,3.757324,3.610951,67785075,0.065835215,,
Turkiye,TUR,792,2003,236.765649,92.07826,81.859311,43.192863,16.021781,0.145183,3.468251,3.540827,66867327,0.064556707,,
USA,USA,840,2023,4911.391017,776.767132,2250.855882,1755.923419,39.714222,63.293603,24.836759,14.445414,334914895,0.263370213,,
USA,USA,840,2022,5078.871323,942.357342,2258.466826,1748.499035,41.417758,63.293603,24.836759,15.013372,333271411,0.27372528,,
USA,USA,840,2021,5032.212819,1004.759482,2238.882665,1659.128199,41.312112,63.293603,24.836759,14.932488,332048977,0.272250595,,
USA,USA,840,2020,4714.628032,877.920266,2047.544399,1656.254832,40.687747,67.7492,24.471588,14.034053,331526933,0.255870239,,
USA,USA,840,2019,5262.145074,1071.66559,2360.999081,1675.471057,40.895869,88.436967,24.67651,15.739861,328329953,0.286970699,,
USA,USA,840,2018,5377.797353,1256.631084,2366.168586,1619.274537,38.970745,72.066214,24.686187,16.191355,326838199,0.295202382,,
USA,USA,840,2017,5212.162345,1308.715965,2315.177042,1460.655677,40.323535,59.48642,27.803707,15.80443,325122128,0.288147927,,
USA,USA,840,2016,5252.932175,1347.943365,2299.96119,1481.873355,39.439018,55.13874,28.576506,16.053693,323071755,0.292692515,,
USA,USA,840,2015,5376.473125,1479.144819,2285.675597,1476.136419,39.907292,64.372059,31.236938,16.562983,320738994,0.30197794,,
USA,USA,840,2014,5528.681067,1710.593544,2247.931336,1435.209036,39.439018,63.123631,32.384503,17.168006,318386329,0.313008779,,
USA,USA,840,2013,5480.156537,1720.408281,2224.62753,1410.481513,36.369227,57.422727,30.847259,17.158994,316059947,0.312844472,,
USA,USA,840,2012,5344.08598,1658.491257,2196.02464,1372.072485,35.270345,51.515325,30.711928,16.876879,313877662,0.307700923,,
USA,USA,840,2011,5546.116067,1873.283961,2252.41402,1310.706805,32.208358,47.863201,29.639723,17.669734,311583481,0.322156334,,
USA,USA,840,2010,5679.715249,1982.953819,2300.573667,1290.495261,31.449235,43.407334,30.835932,18.252019,309327143,0.332772611,,
USA,USA,840,2009,5480.725731,1872.385762,2280.318395,1231.696255,29.614644,41.081517,25.629158,17.765031,306771529,0.323893798,,
USA,USA,840,2008,5915.118465,2135.889582,2414.71694,1252.606077,41.415652,42.054316,28.435899,19.349745,304093966,0.35278646,,
USA,USA,840,2007,6130.12276,2175.032881,2592.442283,1247.321068,45.508881,40.462907,29.35474,20.248576,301231207,0.369174035,,
USA,USA,840,2006,6052.686215,2152.560001,2609.565968,1173.251903,46.850744,40.037111,30.420488,20.192239,298379912,0.368146894,,
USA,USA,840,2005,6132.18327,2188.33666,2642.55555,1186.901876,46.194121,39.430492,28.764571,20.658025,295516599,0.37663915,,
USA,USA,840,2004,6112.654584,2164.412061,2630.811207,1204.871148,45.885581,39.120044,27.554543,20.795028,292805298,0.379137002,,
USA,USA,840,2003,6010.145463,2144.085825,2557.331481,1201.065892,43.349101,38.566553,25.746611,20.645629,290107933,0.376413145,,